Arató András | aratoandras@gmail.com | 

Arató András | aratoandras@gmail.com | 

Kiss Tamás | kisst@gmai.com | 1023246532

Nagy Márk | nagymark@gmail.com | 

Kovács Ádám | kovadam@gmail.com | 

Arató András | aratoandras@gmail.com | 

Nyaka Bence | nyakabence@gmail.com | 

Molnár Péter | mpeti@gmail.com | 

Molnár Péter | mpeti@gmail.com | 

Nagy Tamás | ntamas@freemail.com | 

Arató Péter | arpet@gmail.com | 01234578260

Kis Nándor | knandor@freemai.com | 

Nyaka Bence | nyakabnc@gmail.com | 123421412

Nyaka Bence | nyakabnc@gmail.com | 123421412

Nyaka Bence | nyakab@gmail.com | 

Nyaka Bence | ny@gmail.com | 

Kiss Laura | klaura@gmail.com | 

Kiss Laura | klaura@gmail.com | 

Nagy Balázs | nagyblzs@gmail.com | 32132314124

Kis Márton | martonk@gmail.com | 8612534213

Nyaka Bence | ny@gmail.com | 

Nyaka Bence | nyb@gmail.com | 

Nyaka Bence | nyaka3@gmail.com | 

Nyaka Bence | nyakabe23@gmail.com | 

